{
  "Accelerator": "Main",
  "app": "Main",
  "autoUpdater": "Main",
  "BrowserWindow": "Main",
  "BrowserWindowProxy": "Renderer",
  "ClientRequest": "Main",
  "Certificate Object": "Main",
  "clipboard": "Main and Renderer",
  "Cookies": "Main",
  "contentTracing": "Main",
  "crashReporter": "Main and Renderer",
  "Debugger": "Main",
  "desktopCapturer": "Renderer",
  "dialog": "Main",
  "Display Object": "Main and Renderer",
  "DownloadItem": "Main",
  "Environment Variables": "Main and Renderer",
  "File Object": "Renderer",
  "Frameless Window": "Main",
  "globalShortcut": "Main",
  "IncomingMessage": "Main",
  "ipcMain": "Main",
  "ipcRenderer": "Renderer",
  "JumpListCategory Object": "Main",
  "JumpListItem Object": "Main",
  "Locales": "Main",
  "MemoryUsageDetails Object": "Renderer",
  "MenuItem": "Main",
  "Menu": "Main",
  "nativeImage": "Main and Renderer",
  "net": "Main",
  "powerMonitor": "Main",
  "powerSaveBlocker": "Main",
  "process": "Main and Renderer",
  "protocol": "Main",
  "Rectangle Object": "Main and Renderer",
  "remote": "Renderer",
  "screen": "Main and Renderer",
  "session": "Main",
  "shell": "Main and Renderer",
  "ShortcutDetails Object": "Main and Renderer",
  "Synopsis": "Main and Renderer",
  "Supported Chrome Command Line Switches": "Main",
  "systemPreferences": "Main",
  "Task Object": "Main",
  "ThumbarButton Object": "Main",
  "TouchBar": "Main",
  "TouchBarButton": "Main",
  "TouchBarColorPicker": "Main",
  "TouchBarGroup": "Main",
  "TouchBarLabel": "Main",
  "TouchBarPopover": "Main",
  "TouchBarScrubber": "Main",
  "TouchBarSegmentedControl": "Main",
  "TouchBarSlider": "Main",
  "TouchBarSpacer": "Main",
  "Tray": "Main",
  "webContents": "Main",
  "webFrame": "Renderer",
  "WebRequest": "Main",
  "&lt;webview&gt; Tag": "Renderer",
  "window.open Function": "Renderer"
}
