{
  "slug": "github_contributors",
  "title": "GitHub Contributors",
  "description": "GitHub users who have contributed to numerous Electron-related GitHub repositories.",
  "collectionType": "GithubUser",
  "collection": [
    {
      "user": "greenkeeperio-bot",
      "repos": 77
    },
    {
      "user": "ember-tomster",
      "repos": 70
    },
    {
      "user": "gitter-badger",
      "repos": 53
    },
    {
      "user": "parro-it",
      "repos": 23
    },
    {
      "user": "invalid-email-address",
      "repos": 23
    },
    {
      "user": "sandeep1984",
      "repos": 21
    },
    {
      "user": "waffle-iron",
      "repos": 21
    },
    {
      "user": "zeke",
      "repos": 20
    },
    {
      "user": "rhysd",
      "repos": 19
    },
    {
      "user": "kevinsawicki",
      "repos": 18
    },
    {
      "user": "ragingwind",
      "repos": 16
    },
    {
      "user": "sindresorhus",
      "repos": 16
    },
    {
      "user": "akameco",
      "repos": 13
    },
    {
      "user": "IonicaBizau",
      "repos": 13
    },
    {
      "user": "maxogden",
      "repos": 13
    },
    {
      "user": "tadashiy1012",
      "repos": 13
    },
    {
      "user": "shama",
      "repos": 12
    },
    {
      "user": "mattdesl",
      "repos": 12
    },
    {
      "user": "tcyrus",
      "repos": 12
    },
    {
      "user": "MarshallOfSound",
      "repos": 11
    },
    {
      "user": "bokuweb",
      "repos": 11
    },
    {
      "user": "mafintosh",
      "repos": 11
    },
    {
      "user": "sethvincent",
      "repos": 11
    },
    {
      "user": "rgbkrk",
      "repos": 10
    },
    {
      "user": "englishextra",
      "repos": 10
    },
    {
      "user": "mmckegg",
      "repos": 10
    },
    {
      "user": "egoist",
      "repos": 10
    },
    {
      "user": "Meadowcottage",
      "repos": 10
    },
    {
      "user": "ungoldman",
      "repos": 10
    },
    {
      "user": "angular-cli",
      "repos": 10
    },
    {
      "user": "uraway",
      "repos": 10
    },
    {
      "user": "juliangruber",
      "repos": 9
    },
    {
      "user": "erukiti",
      "repos": 9
    },
    {
      "user": "laiso",
      "repos": 9
    },
    {
      "user": "imlucas",
      "repos": 9
    },
    {
      "user": "fscherwi",
      "repos": 9
    },
    {
      "user": "durran",
      "repos": 9
    },
    {
      "user": "icoxfog417",
      "repos": 8
    },
    {
      "user": "stefanjudis",
      "repos": 8
    },
    {
      "user": "jhen0409",
      "repos": 8
    },
    {
      "user": "iiegor",
      "repos": 8
    },
    {
      "user": "freeman-lab",
      "repos": 8
    },
    {
      "user": "nathansobo",
      "repos": 8
    },
    {
      "user": "sahildua2305",
      "repos": 8
    },
    {
      "user": "npmcdn-to-unpkg-bot",
      "repos": 8
    },
    {
      "user": "phanect",
      "repos": 8
    },
    {
      "user": "johnmuhl",
      "repos": 8
    },
    {
      "user": "clemens-tolboom",
      "repos": 8
    },
    {
      "user": "galeksandrp",
      "repos": 8
    },
    {
      "user": "feross",
      "repos": 8
    },
    {
      "user": "karissa",
      "repos": 8
    },
    {
      "user": "thompsonemerson",
      "repos": 7
    },
    {
      "user": "as-cii",
      "repos": 7
    },
    {
      "user": "amilajack",
      "repos": 7
    },
    {
      "user": "hugoruscitti",
      "repos": 7
    },
    {
      "user": "davej",
      "repos": 7
    },
    {
      "user": "imsnif",
      "repos": 7
    },
    {
      "user": "pfrazee",
      "repos": 7
    },
    {
      "user": "BinaryMuse",
      "repos": 7
    },
    {
      "user": "nathanial",
      "repos": 7
    },
    {
      "user": "azu",
      "repos": 7
    },
    {
      "user": "importre",
      "repos": 7
    },
    {
      "user": "NathanWalker",
      "repos": 7
    },
    {
      "user": "posva",
      "repos": 7
    },
    {
      "user": "akashnimare",
      "repos": 7
    },
    {
      "user": "bcomnes",
      "repos": 7
    },
    {
      "user": "swashcap",
      "repos": 7
    },
    {
      "user": "SimulatedGREG",
      "repos": 7
    },
    {
      "user": "Narazaka",
      "repos": 7
    },
    {
      "user": "tma02",
      "repos": 7
    },
    {
      "user": "dasrick",
      "repos": 6
    },
    {
      "user": "paulcbetts",
      "repos": 6
    },
    {
      "user": "stevekinney",
      "repos": 6
    },
    {
      "user": "execat",
      "repos": 6
    },
    {
      "user": "louistsaitszho",
      "repos": 6
    },
    {
      "user": "FullR",
      "repos": 6
    },
    {
      "user": "luigiplr",
      "repos": 6
    },
    {
      "user": "diwesh87",
      "repos": 6
    },
    {
      "user": "pra85",
      "repos": 6
    },
    {
      "user": "delebash",
      "repos": 6
    },
    {
      "user": "yoshuawuyts",
      "repos": 6
    },
    {
      "user": "itkrt2y",
      "repos": 6
    },
    {
      "user": "Chadtech",
      "repos": 6
    },
    {
      "user": "ahdinosaur",
      "repos": 6
    },
    {
      "user": "LongLiveCHIEF",
      "repos": 6
    },
    {
      "user": "lukekarrys",
      "repos": 6
    },
    {
      "user": "benogle",
      "repos": 6
    },
    {
      "user": "John-Lin",
      "repos": 6
    },
    {
      "user": "smontana",
      "repos": 6
    },
    {
      "user": "andrewda",
      "repos": 6
    },
    {
      "user": "fritx",
      "repos": 6
    },
    {
      "user": "ZakariaRidouh",
      "repos": 6
    },
    {
      "user": "elsehow",
      "repos": 6
    },
    {
      "user": "twolfson",
      "repos": 6
    },
    {
      "user": "xwartz",
      "repos": 5
    },
    {
      "user": "tcaer",
      "repos": 5
    },
    {
      "user": "kenokabe",
      "repos": 5
    },
    {
      "user": "AndrewLang",
      "repos": 5
    },
    {
      "user": "logicalparadox",
      "repos": 5
    },
    {
      "user": "bitdeli-chef",
      "repos": 5
    },
    {
      "user": "todbot",
      "repos": 5
    },
    {
      "user": "totora0155",
      "repos": 5
    },
    {
      "user": "tejohnso",
      "repos": 5
    },
    {
      "user": "enlight",
      "repos": 5
    },
    {
      "user": "justinmchase",
      "repos": 5
    },
    {
      "user": "dirvine",
      "repos": 5
    },
    {
      "user": "josephjaniga",
      "repos": 5
    },
    {
      "user": "timwis",
      "repos": 5
    },
    {
      "user": "willyb321",
      "repos": 5
    },
    {
      "user": "solpie",
      "repos": 5
    },
    {
      "user": "deomitrus",
      "repos": 5
    },
    {
      "user": "uetchy",
      "repos": 5
    },
    {
      "user": "saraford",
      "repos": 5
    },
    {
      "user": "danhp",
      "repos": 5
    },
    {
      "user": "zce",
      "repos": 5
    },
    {
      "user": "kdawg1406",
      "repos": 5
    },
    {
      "user": "Osmose",
      "repos": 5
    },
    {
      "user": "bjrmatos",
      "repos": 5
    },
    {
      "user": "vrunoa",
      "repos": 5
    },
    {
      "user": "seriema",
      "repos": 5
    },
    {
      "user": "amitmerchant1990",
      "repos": 5
    },
    {
      "user": "fraserxu",
      "repos": 5
    },
    {
      "user": "Rokt33r",
      "repos": 5
    },
    {
      "user": "twipixel",
      "repos": 5
    },
    {
      "user": "jayralencar",
      "repos": 5
    },
    {
      "user": "Perkovec",
      "repos": 5
    },
    {
      "user": "binhxn",
      "repos": 5
    },
    {
      "user": "mickbalaban",
      "repos": 4
    },
    {
      "user": "nunziotocci",
      "repos": 4
    },
    {
      "user": "felixrieseberg",
      "repos": 4
    },
    {
      "user": "jenslind",
      "repos": 4
    },
    {
      "user": "mnquintana",
      "repos": 4
    },
    {
      "user": "mawie81",
      "repos": 4
    },
    {
      "user": "shezzy",
      "repos": 4
    },
    {
      "user": "zalmoxisus",
      "repos": 4
    },
    {
      "user": "orbitbot",
      "repos": 4
    },
    {
      "user": "blainesch",
      "repos": 4
    },
    {
      "user": "sergiovilar",
      "repos": 4
    },
    {
      "user": "krishnaIndia",
      "repos": 4
    },
    {
      "user": "vutran",
      "repos": 4
    },
    {
      "user": "vitorgalvao",
      "repos": 4
    },
    {
      "user": "captainsafia",
      "repos": 4
    },
    {
      "user": "jdfreder",
      "repos": 4
    },
    {
      "user": "betatim",
      "repos": 4
    },
    {
      "user": "Quramy",
      "repos": 4
    },
    {
      "user": "krainboltgreene",
      "repos": 4
    },
    {
      "user": "mikolalysenko",
      "repos": 4
    },
    {
      "user": "wwwtyro",
      "repos": 4
    },
    {
      "user": "evanlucas",
      "repos": 4
    },
    {
      "user": "sokcuri",
      "repos": 4
    },
    {
      "user": "jamen",
      "repos": 4
    },
    {
      "user": "de-luca",
      "repos": 4
    },
    {
      "user": "atdrago",
      "repos": 4
    },
    {
      "user": "applegrain",
      "repos": 4
    },
    {
      "user": "jonathanjibo",
      "repos": 4
    },
    {
      "user": "ErikBoesen",
      "repos": 4
    },
    {
      "user": "sorrycc",
      "repos": 4
    },
    {
      "user": "izuzak",
      "repos": 4
    },
    {
      "user": "bmathews",
      "repos": 4
    },
    {
      "user": "elkuku",
      "repos": 4
    },
    {
      "user": "jlord",
      "repos": 4
    },
    {
      "user": "collinmutembei",
      "repos": 4
    },
    {
      "user": "Shriken",
      "repos": 4
    },
    {
      "user": "alexweber",
      "repos": 4
    },
    {
      "user": "hemanth",
      "repos": 4
    },
    {
      "user": "Haroenv",
      "repos": 4
    },
    {
      "user": "noffle",
      "repos": 4
    },
    {
      "user": "Flet",
      "repos": 4
    },
    {
      "user": "eljefedelrodeodeljefe",
      "repos": 4
    },
    {
      "user": "AndreasGassmann",
      "repos": 4
    },
    {
      "user": "dmfarcas",
      "repos": 4
    },
    {
      "user": "hrysd",
      "repos": 4
    },
    {
      "user": "Banjerr",
      "repos": 4
    },
    {
      "user": "firejune",
      "repos": 4
    },
    {
      "user": "sairoutine",
      "repos": 4
    },
    {
      "user": "cdaringe",
      "repos": 4
    },
    {
      "user": "m0g",
      "repos": 4
    },
    {
      "user": "sassy",
      "repos": 4
    },
    {
      "user": "ArtemGovorov",
      "repos": 4
    },
    {
      "user": "developit",
      "repos": 4
    },
    {
      "user": "yosmoc",
      "repos": 4
    },
    {
      "user": "ivanseidel",
      "repos": 4
    },
    {
      "user": "extr0py",
      "repos": 4
    },
    {
      "user": "kRITZCREEK",
      "repos": 4
    },
    {
      "user": "pmkary",
      "repos": 4
    },
    {
      "user": "madole",
      "repos": 4
    },
    {
      "user": "s-a",
      "repos": 4
    },
    {
      "user": "petru-dimitriu",
      "repos": 4
    },
    {
      "user": "abdulsattar",
      "repos": 4
    },
    {
      "user": "seesharper",
      "repos": 4
    },
    {
      "user": "jviotti",
      "repos": 4
    },
    {
      "user": "gabrielstuff",
      "repos": 4
    },
    {
      "user": "MichelKansou",
      "repos": 4
    },
    {
      "user": "taboca",
      "repos": 4
    },
    {
      "user": "Li-Alex",
      "repos": 4
    },
    {
      "user": "Oceanswave",
      "repos": 4
    },
    {
      "user": "neighborhood999",
      "repos": 4
    },
    {
      "user": "badtzmaru",
      "repos": 4
    },
    {
      "user": "patrinhani-ciandt",
      "repos": 4
    },
    {
      "user": "JGH153",
      "repos": 4
    },
    {
      "user": "bhaveshgohel",
      "repos": 4
    },
    {
      "user": "Waxo",
      "repos": 4
    },
    {
      "user": "alan-tai",
      "repos": 4
    },
    {
      "user": "aolney",
      "repos": 4
    },
    {
      "user": "bencevans",
      "repos": 4
    },
    {
      "user": "Cyriaqu3",
      "repos": 4
    },
    {
      "user": "DKunin",
      "repos": 4
    },
    {
      "user": "deadcoder0904",
      "repos": 4
    },
    {
      "user": "Kilian",
      "repos": 4
    },
    {
      "user": "zanjs",
      "repos": 4
    },
    {
      "user": "erbridge",
      "repos": 4
    },
    {
      "user": "iDuuck",
      "repos": 4
    },
    {
      "user": "heidgera",
      "repos": 4
    },
    {
      "user": "FelixRilling",
      "repos": 4
    },
    {
      "user": "inuscript",
      "repos": 4
    },
    {
      "user": "chentsulin",
      "repos": 4
    },
    {
      "user": "kurisubrooks",
      "repos": 4
    },
    {
      "user": "lastmjs",
      "repos": 4
    },
    {
      "user": "lw7360",
      "repos": 4
    },
    {
      "user": "JohnMagtoto",
      "repos": 4
    },
    {
      "user": "ordinarygithubuser",
      "repos": 4
    },
    {
      "user": "pastak",
      "repos": 4
    },
    {
      "user": "peakcary",
      "repos": 4
    },
    {
      "user": "pravdomil",
      "repos": 4
    },
    {
      "user": "LinusU",
      "repos": 4
    },
    {
      "user": "Lightnet",
      "repos": 4
    },
    {
      "user": "stuf",
      "repos": 4
    },
    {
      "user": "sabazusi",
      "repos": 4
    },
    {
      "user": "substack",
      "repos": 4
    },
    {
      "user": "tborychowski",
      "repos": 4
    },
    {
      "user": "tomkp",
      "repos": 4
    },
    {
      "user": "tonychen427",
      "repos": 4
    },
    {
      "user": "timurtu",
      "repos": 3
    },
    {
      "user": "kimorkim",
      "repos": 3
    },
    {
      "user": "JAForbes",
      "repos": 3
    },
    {
      "user": "ehgoodenough",
      "repos": 3
    },
    {
      "user": "reverentgeek",
      "repos": 3
    },
    {
      "user": "mhkeller",
      "repos": 3
    },
    {
      "user": "Charlotteis",
      "repos": 3
    },
    {
      "user": "chanlee",
      "repos": 3
    },
    {
      "user": "Bernardstanislas",
      "repos": 3
    },
    {
      "user": "boolgom",
      "repos": 3
    },
    {
      "user": "knownasilya",
      "repos": 3
    },
    {
      "user": "disoul",
      "repos": 3
    },
    {
      "user": "fundon",
      "repos": 3
    },
    {
      "user": "franckuestein",
      "repos": 3
    },
    {
      "user": "delvedor",
      "repos": 3
    },
    {
      "user": "disjukr",
      "repos": 3
    },
    {
      "user": "SimplyAhmazing",
      "repos": 3
    },
    {
      "user": "phodal",
      "repos": 3
    },
    {
      "user": "walkerrandolphsmith",
      "repos": 3
    },
    {
      "user": "r7kamura",
      "repos": 3
    },
    {
      "user": "ha-D",
      "repos": 3
    },
    {
      "user": "arvindr21",
      "repos": 3
    },
    {
      "user": "FWeinb",
      "repos": 3
    },
    {
      "user": "mikejarrell",
      "repos": 3
    },
    {
      "user": "malantonio",
      "repos": 3
    },
    {
      "user": "RyanFrench",
      "repos": 3
    },
    {
      "user": "francoislaberge",
      "repos": 3
    },
    {
      "user": "seanchas116",
      "repos": 3
    },
    {
      "user": "blan4",
      "repos": 3
    },
    {
      "user": "noygal",
      "repos": 3
    },
    {
      "user": "leftstick",
      "repos": 3
    },
    {
      "user": "jwu",
      "repos": 3
    },
    {
      "user": "gcwelborn",
      "repos": 3
    },
    {
      "user": "pixeldesu",
      "repos": 3
    },
    {
      "user": "raggesilver",
      "repos": 3
    },
    {
      "user": "G07cha",
      "repos": 3
    },
    {
      "user": "airtoxin",
      "repos": 3
    },
    {
      "user": "hsbalar",
      "repos": 3
    },
    {
      "user": "ideyuta",
      "repos": 3
    },
    {
      "user": "Rabrennie",
      "repos": 3
    },
    {
      "user": "rahatarmanahmed",
      "repos": 3
    },
    {
      "user": "emilsoman",
      "repos": 3
    },
    {
      "user": "develar",
      "repos": 3
    },
    {
      "user": "nfcampos",
      "repos": 3
    },
    {
      "user": "dbackowski",
      "repos": 3
    },
    {
      "user": "meowtec",
      "repos": 3
    },
    {
      "user": "JayBizzle",
      "repos": 3
    },
    {
      "user": "arifcakiroglu",
      "repos": 3
    },
    {
      "user": "lipis",
      "repos": 3
    },
    {
      "user": "mathisonian",
      "repos": 3
    },
    {
      "user": "MaterialLabs",
      "repos": 3
    },
    {
      "user": "zacharyfmarion",
      "repos": 3
    },
    {
      "user": "oleander",
      "repos": 3
    },
    {
      "user": "bertofer",
      "repos": 3
    },
    {
      "user": "israelg99",
      "repos": 3
    },
    {
      "user": "nuriu",
      "repos": 3
    },
    {
      "user": "mironal",
      "repos": 3
    },
    {
      "user": "dfrankland",
      "repos": 3
    },
    {
      "user": "ygkn",
      "repos": 3
    },
    {
      "user": "whphhg",
      "repos": 3
    },
    {
      "user": "fukajun",
      "repos": 3
    },
    {
      "user": "Foxandxss",
      "repos": 3
    },
    {
      "user": "Dorokhov",
      "repos": 3
    },
    {
      "user": "TheHermitKhan",
      "repos": 3
    },
    {
      "user": "nicoschmitt",
      "repos": 3
    },
    {
      "user": "hzeroo",
      "repos": 3
    },
    {
      "user": "matheuss",
      "repos": 3
    },
    {
      "user": "stefanbuck",
      "repos": 3
    },
    {
      "user": "geraldyeo",
      "repos": 3
    },
    {
      "user": "ftonato",
      "repos": 3
    },
    {
      "user": "frinyvonnick",
      "repos": 3
    },
    {
      "user": "frenchbread",
      "repos": 3
    },
    {
      "user": "ThomasCrevoisier",
      "repos": 3
    },
    {
      "user": "fabiorogeriosj",
      "repos": 3
    },
    {
      "user": "gnavvy",
      "repos": 3
    },
    {
      "user": "calmery",
      "repos": 3
    },
    {
      "user": "naoyasugita",
      "repos": 3
    },
    {
      "user": "k0sukey",
      "repos": 3
    },
    {
      "user": "philogb",
      "repos": 3
    },
    {
      "user": "kaidesu",
      "repos": 3
    },
    {
      "user": "bendrucker",
      "repos": 3
    },
    {
      "user": "kimhogeling",
      "repos": 3
    },
    {
      "user": "MartinSandstrom",
      "repos": 3
    },
    {
      "user": "dkfiresky",
      "repos": 3
    },
    {
      "user": "Js41637",
      "repos": 3
    },
    {
      "user": "lyneca",
      "repos": 3
    },
    {
      "user": "mikeal",
      "repos": 3
    },
    {
      "user": "marcbachmann",
      "repos": 3
    },
    {
      "user": "MaxMEllon",
      "repos": 3
    },
    {
      "user": "chunmu",
      "repos": 3
    },
    {
      "user": "mixmatch",
      "repos": 3
    },
    {
      "user": "chinedufn",
      "repos": 3
    },
    {
      "user": "chilismaug",
      "repos": 3
    },
    {
      "user": "rueckstiess",
      "repos": 3
    },
    {
      "user": "nekobato",
      "repos": 3
    },
    {
      "user": "nickgartmann",
      "repos": 3
    },
    {
      "user": "niebert",
      "repos": 3
    },
    {
      "user": "overlandandseas",
      "repos": 3
    },
    {
      "user": "bkeepers",
      "repos": 3
    },
    {
      "user": "brrd",
      "repos": 3
    },
    {
      "user": "emilbayes",
      "repos": 3
    },
    {
      "user": "datapimp",
      "repos": 3
    },
    {
      "user": "agdemore",
      "repos": 3
    },
    {
      "user": "danielhusar",
      "repos": 3
    },
    {
      "user": "Trevelopment",
      "repos": 3
    },
    {
      "user": "TheBaconSpace",
      "repos": 3
    },
    {
      "user": "StrawberryBunny",
      "repos": 3
    },
    {
      "user": "davidnaas",
      "repos": 3
    },
    {
      "user": "maxbrunsfeld",
      "repos": 3
    },
    {
      "user": "GuillaumeBadi",
      "repos": 3
    },
    {
      "user": "soops",
      "repos": 3
    },
    {
      "user": "queckezz",
      "repos": 3
    },
    {
      "user": "hugohil",
      "repos": 3
    },
    {
      "user": "asimpson",
      "repos": 3
    },
    {
      "user": "axelstudios",
      "repos": 3
    },
    {
      "user": "trmml",
      "repos": 3
    },
    {
      "user": "MaraniMatias",
      "repos": 3
    },
    {
      "user": "subuta",
      "repos": 3
    },
    {
      "user": "ibgreen",
      "repos": 3
    },
    {
      "user": "sbruchmann",
      "repos": 3
    },
    {
      "user": "vinnymac",
      "repos": 3
    },
    {
      "user": "perlun",
      "repos": 3
    },
    {
      "user": "jwheare",
      "repos": 3
    },
    {
      "user": "Zippoffer",
      "repos": 3
    },
    {
      "user": "tokno",
      "repos": 3
    },
    {
      "user": "tomk79",
      "repos": 3
    },
    {
      "user": "kanekotic",
      "repos": 3
    },
    {
      "user": "pascalw",
      "repos": 3
    },
    {
      "user": "gmfc",
      "repos": 3
    },
    {
      "user": "kfatehi",
      "repos": 3
    },
    {
      "user": "javan",
      "repos": 3
    },
    {
      "user": "PacoIrene",
      "repos": 3
    },
    {
      "user": "dlange95",
      "repos": 3
    },
    {
      "user": "PlugaruT",
      "repos": 3
    },
    {
      "user": "Devagamster",
      "repos": 3
    },
    {
      "user": "xiaoluoboding",
      "repos": 3
    },
    {
      "user": "hegdeashwin",
      "repos": 3
    },
    {
      "user": "FracturedLoop",
      "repos": 3
    },
    {
      "user": "crucialfelix",
      "repos": 3
    },
    {
      "user": "mpoegel",
      "repos": 3
    },
    {
      "user": "Razr9",
      "repos": 3
    },
    {
      "user": "Baransu",
      "repos": 3
    },
    {
      "user": "taizo",
      "repos": 3
    },
    {
      "user": "tommoor",
      "repos": 3
    },
    {
      "user": "TrevorDev",
      "repos": 3
    },
    {
      "user": "VandeurenGlenn",
      "repos": 3
    },
    {
      "user": "ariestiyansyah",
      "repos": 3
    },
    {
      "user": "gdianaty",
      "repos": 3
    },
    {
      "user": "paulot",
      "repos": 3
    },
    {
      "user": "akiratokunaga",
      "repos": 3
    },
    {
      "user": "banyudu",
      "repos": 3
    },
    {
      "user": "alexbg",
      "repos": 3
    },
    {
      "user": "alseambusher",
      "repos": 3
    },
    {
      "user": "amneacsu",
      "repos": 3
    },
    {
      "user": "andreasforsbom",
      "repos": 3
    },
    {
      "user": "epilande",
      "repos": 3
    },
    {
      "user": "remixz",
      "repos": 3
    },
    {
      "user": "arkenthera",
      "repos": 3
    },
    {
      "user": "70-10",
      "repos": 3
    },
    {
      "user": "beatface",
      "repos": 3
    },
    {
      "user": "joaogarin",
      "repos": 3
    },
    {
      "user": "CoolHandDev",
      "repos": 3
    },
    {
      "user": "bmarwane",
      "repos": 3
    },
    {
      "user": "brandon-fryslie",
      "repos": 3
    },
    {
      "user": "CurtisLusmore",
      "repos": 3
    },
    {
      "user": "cakecatz",
      "repos": 3
    },
    {
      "user": "stoufa88",
      "repos": 3
    },
    {
      "user": "D10221",
      "repos": 3
    },
    {
      "user": "ccnokes",
      "repos": 3
    },
    {
      "user": "shankar2105",
      "repos": 3
    },
    {
      "user": "charlesbao",
      "repos": 3
    },
    {
      "user": "chhsiao90",
      "repos": 3
    },
    {
      "user": "DanForbes",
      "repos": 3
    },
    {
      "user": "DangelZM",
      "repos": 3
    },
    {
      "user": "Darkle",
      "repos": 3
    },
    {
      "user": "cpro95",
      "repos": 3
    },
    {
      "user": "hzhan014",
      "repos": 3
    },
    {
      "user": "9000-volts",
      "repos": 3
    },
    {
      "user": "danielnieto",
      "repos": 3
    },
    {
      "user": "dannyakakong",
      "repos": 3
    },
    {
      "user": "DeanMcgarrigle",
      "repos": 3
    },
    {
      "user": "davemackintosh",
      "repos": 3
    },
    {
      "user": "DemSquirrel",
      "repos": 3
    },
    {
      "user": "megahertz",
      "repos": 3
    },
    {
      "user": "kangas",
      "repos": 3
    },
    {
      "user": "destromas1",
      "repos": 3
    },
    {
      "user": "novikovmaa",
      "repos": 3
    },
    {
      "user": "BLamy",
      "repos": 3
    },
    {
      "user": "akovalyov",
      "repos": 3
    },
    {
      "user": "djbobcat",
      "repos": 3
    },
    {
      "user": "Dishant15",
      "repos": 3
    },
    {
      "user": "doryphores",
      "repos": 3
    },
    {
      "user": "drv687",
      "repos": 3
    },
    {
      "user": "ecology-rocks",
      "repos": 3
    },
    {
      "user": "ehrudxo",
      "repos": 3
    },
    {
      "user": "1000ch",
      "repos": 3
    },
    {
      "user": "garaemon",
      "repos": 3
    },
    {
      "user": "elvongray",
      "repos": 3
    },
    {
      "user": "enoch232",
      "repos": 3
    },
    {
      "user": "eqot",
      "repos": 3
    },
    {
      "user": "hoffmabc",
      "repos": 3
    },
    {
      "user": "erikyuzwa",
      "repos": 3
    },
    {
      "user": "golgobot",
      "repos": 3
    },
    {
      "user": "foozzi",
      "repos": 3
    },
    {
      "user": "Elgolfin",
      "repos": 3
    },
    {
      "user": "Ell",
      "repos": 3
    },
    {
      "user": "gaberankin",
      "repos": 3
    },
    {
      "user": "gin0606",
      "repos": 3
    },
    {
      "user": "glamb",
      "repos": 3
    },
    {
      "user": "glamp",
      "repos": 3
    },
    {
      "user": "ewnd9",
      "repos": 3
    },
    {
      "user": "DavidWells",
      "repos": 3
    },
    {
      "user": "Figedi",
      "repos": 3
    },
    {
      "user": "hurumeki",
      "repos": 3
    },
    {
      "user": "iffy",
      "repos": 3
    },
    {
      "user": "kuychaco",
      "repos": 3
    },
    {
      "user": "istvan-antal",
      "repos": 3
    },
    {
      "user": "itiya",
      "repos": 3
    },
    {
      "user": "robwormald",
      "repos": 3
    },
    {
      "user": "Aelto",
      "repos": 3
    },
    {
      "user": "jhon312020",
      "repos": 3
    },
    {
      "user": "joestrong",
      "repos": 3
    },
    {
      "user": "johnsusi",
      "repos": 3
    },
    {
      "user": "mortonfox",
      "repos": 3
    },
    {
      "user": "AgtLucas",
      "repos": 3
    },
    {
      "user": "juliandavidmr",
      "repos": 3
    },
    {
      "user": "jusahah",
      "repos": 3
    },
    {
      "user": "kanatzidis",
      "repos": 3
    },
    {
      "user": "kanomthai",
      "repos": 3
    },
    {
      "user": "kaunta",
      "repos": 3
    },
    {
      "user": "kdrewgonzales",
      "repos": 3
    },
    {
      "user": "contra",
      "repos": 3
    },
    {
      "user": "kitak",
      "repos": 3
    },
    {
      "user": "utgwkk",
      "repos": 3
    },
    {
      "user": "koalaylj",
      "repos": 3
    },
    {
      "user": "morebrownies",
      "repos": 3
    },
    {
      "user": "stevelacy",
      "repos": 3
    },
    {
      "user": "zachdeibert",
      "repos": 3
    },
    {
      "user": "Ikana",
      "repos": 3
    },
    {
      "user": "rmisio",
      "repos": 3
    },
    {
      "user": "mash76",
      "repos": 3
    },
    {
      "user": "JChehe",
      "repos": 3
    },
    {
      "user": "meganii",
      "repos": 3
    },
    {
      "user": "mi6softlab",
      "repos": 3
    },
    {
      "user": "kesla",
      "repos": 3
    },
    {
      "user": "mike-3",
      "repos": 3
    },
    {
      "user": "mohayonao",
      "repos": 3
    },
    {
      "user": "monsterkodi",
      "repos": 3
    },
    {
      "user": "thomasjo",
      "repos": 3
    },
    {
      "user": "marg51",
      "repos": 3
    },
    {
      "user": "nerijunior",
      "repos": 3
    },
    {
      "user": "nyamogera",
      "repos": 3
    },
    {
      "user": "zz85",
      "repos": 3
    },
    {
      "user": "pakastin",
      "repos": 3
    },
    {
      "user": "bjarneo",
      "repos": 3
    },
    {
      "user": "phated",
      "repos": 3
    },
    {
      "user": "zacanger",
      "repos": 3
    },
    {
      "user": "phi-jp",
      "repos": 3
    },
    {
      "user": "pierrerispal",
      "repos": 3
    },
    {
      "user": "matjaz",
      "repos": 3
    },
    {
      "user": "prince-0203",
      "repos": 3
    },
    {
      "user": "simurai",
      "repos": 3
    },
    {
      "user": "kenwheeler",
      "repos": 3
    },
    {
      "user": "remarkablemark",
      "repos": 3
    },
    {
      "user": "francisl",
      "repos": 3
    },
    {
      "user": "risingdragon",
      "repos": 3
    },
    {
      "user": "robzsk",
      "repos": 3
    },
    {
      "user": "ruiming",
      "repos": 3
    }
  ],
  "createdAt": "2016-12-15T20:18:56.145Z"
}